branch_id,radial_mode_n,category,m_min,m_max,valid_points_count
1,157,Poincare-like,1.0,30.000000000000025,581
2,132,Poincare-like,1.0,30.000000000000025,581
3,105,Poincare-like,1.0,30.000000000000025,581
4,90,Poincare-like,1.0,30.000000000000025,581
5,63,Poincare-like,1.0,30.000000000000025,581
6,34,Poincare-like,1.0,30.000000000000025,581
7,9,Poincare-like,1.0,30.000000000000025,581
8,20,Poincare-like,1.0,30.000000000000025,581
9,45,Poincare-like,1.0,30.000000000000025,581
10,66,Poincare-like,1.0,30.000000000000025,581
11,91,Poincare-like,1.0,30.000000000000025,581
12,116,Poincare-like,1.0,30.000000000000025,581
13,137,Poincare-like,1.0,30.000000000000025,581
14,164,Poincare-like,1.0,30.000000000000025,581
15,193,Poincare-like,1.0,30.000000000000025,581
16,186,Poincare-like,1.0,30.000000000000025,581
17,163,Poincare-like,1.0,30.000000000000025,581
18,132,Poincare-like,1.0,30.000000000000025,581
19,113,Poincare-like,1.0,30.000000000000025,581
20,90,Poincare-like,1.0,30.000000000000025,581
21,71,Poincare-like,1.0,30.000000000000025,581
22,38,Poincare-like,1.0,30.000000000000025,581
23,15,Poincare-like,1.0,30.000000000000025,581
24,18,Poincare-like,1.0,30.000000000000025,581
25,43,Poincare-like,1.0,30.000000000000025,581
26,58,Poincare-like,1.0,30.000000000000025,581
27,83,Poincare-like,1.0,30.000000000000025,581
28,100,Poincare-like,1.0,30.000000000000025,581
29,135,Poincare-like,1.0,30.000000000000025,581
30,158,Poincare-like,1.0,30.000000000000025,581
31,189,Poincare-like,1.0,30.000000000000025,581
32,182,Poincare-like,1.0,30.000000000000025,581
33,167,Poincare-like,1.0,30.000000000000025,581
34,138,Poincare-like,1.0,30.000000000000025,581
35,123,Poincare-like,1.0,30.000000000000025,581
36,90,Poincare-like,1.0,30.000000000000025,581
37,67,Poincare-like,1.0,30.000000000000025,581
38,40,Poincare-like,1.0,30.000000000000025,581
39,13,Poincare-like,1.0,30.000000000000025,47
40,10,Poincare-like,1.0,30.000000000000025,581
41,31,Poincare-like,1.0,30.000000000000025,581
42,58,Poincare-like,1.0,30.000000000000025,581
43,91,Poincare-like,1.0,30.000000000000025,581
44,108,Poincare-like,1.0,30.000000000000025,581
45,131,Poincare-like,1.0,30.000000000000025,581
46,158,Poincare-like,1.0,30.000000000000025,581
47,185,Poincare-like,1.0,30.000000000000025,36
48,188,Poincare-like,1.0,30.000000000000025,581
49,163,Poincare-like,1.0,30.000000000000025,6
50,140,Poincare-like,1.0,30.000000000000025,581
51,109,Poincare-like,1.0,30.000000000000025,581
52,90,Poincare-like,1.0,30.000000000000025,581
53,71,Poincare-like,1.0,30.000000000000025,581
54,46,Poincare-like,1.0,30.000000000000025,581
55,11,Poincare-like,1.0,30.000000000000025,581
56,14,Poincare-like,1.0,30.000000000000025,581
57,39,Poincare-like,1.0,30.000000000000025,581
58,60,Poincare-like,1.0,30.000000000000025,581
59,79,Poincare-like,1.0,30.000000000000025,581
60,106,Poincare-like,1.0,30.000000000000025,581
61,129,Poincare-like,1.0,30.000000000000025,581
62,168,Poincare-like,1.0,30.000000000000025,581
63,187,Poincare-like,1.0,30.000000000000025,581
64,192,Poincare-like,1.0,30.000000000000025,581
65,169,Poincare-like,1.0,30.000000000000025,581
66,140,Poincare-like,1.0,30.000000000000025,581
67,117,Poincare-like,1.0,30.000000000000025,581
68,84,Poincare-like,1.0,30.000000000000025,581
69,57,Poincare-like,1.0,30.000000000000025,581
70,34,Poincare-like,1.0,30.000000000000025,581
71,17,Poincare-like,1.0,30.000000000000025,581
72,10,Poincare-like,1.0,30.000000000000025,581
73,49,Poincare-like,1.0,30.000000000000025,581
74,62,Poincare-like,1.0,30.000000000000025,581
75,89,Poincare-like,1.0,30.000000000000025,581
76,112,Poincare-like,1.0,30.000000000000025,581
77,139,Poincare-like,1.0,30.000000000000025,581
78,152,Poincare-like,1.0,30.000000000000025,581
79,187,Poincare-like,1.0,30.000000000000025,581
80,180,Poincare-like,1.0,30.000000000000025,581
81,157,Poincare-like,1.0,30.000000000000025,581
82,134,Poincare-like,1.0,30.000000000000025,581
83,107,Poincare-like,1.0,30.000000000000025,581
84,84,Poincare-like,1.0,30.000000000000025,581
85,61,Poincare-like,1.0,30.000000000000025,581
86,34,Poincare-like,1.0,30.000000000000025,581
87,13,Poincare-like,1.0,30.000000000000025,581
88,14,Poincare-like,1.0,30.000000000000025,581
89,55,Poincare-like,1.0,30.000000000000025,581
90,68,Poincare-like,1.0,30.000000000000025,581
91,95,Poincare-like,1.0,30.000000000000025,581
92,116,Poincare-like,1.0,30.000000000000025,581
93,145,Poincare-like,1.0,30.000000000000025,581
94,170,Poincare-like,1.0,30.000000000000025,581
95,195,Poincare-like,1.0,30.000000000000025,581
96,174,Poincare-like,1.0,30.000000000000025,581
97,147,Poincare-like,1.0,30.000000000000025,581
98,124,Poincare-like,1.0,30.000000000000025,581
99,91,Poincare-like,1.0,30.000000000000025,581
100,70,Poincare-like,1.0,30.000000000000025,581
101,49,Poincare-like,1.0,30.000000000000025,581
102,26,Poincare-like,1.0,30.000000000000025,581
103,15,Poincare-like,1.0,30.000000000000025,19
104,28,Poincare-like,1.0,30.000000000000025,581
105,59,Poincare-like,1.0,30.000000000000025,581
106,84,Poincare-like,1.0,30.000000000000025,581
107,101,Poincare-like,1.0,30.000000000000025,581
108,130,Poincare-like,1.0,30.000000000000025,581
109,157,Poincare-like,1.0,30.000000000000025,581
110,186,Poincare-like,1.0,30.000000000000025,581
111,0,Kelvin/slow,1.0,30.000000000000025,581
112,158,Poincare-like,1.0,30.000000000000025,581
113,135,Poincare-like,1.0,30.000000000000025,581
114,106,Poincare-like,1.0,30.000000000000025,581
115,89,Poincare-like,1.0,30.000000000000025,581
116,60,Poincare-like,1.0,30.000000000000025,581
117,27,Poincare-like,1.0,30.000000000000025,581
118,6,Poincare-like,1.0,30.000000000000025,581
119,31,Poincare-like,1.0,30.000000000000025,581
120,56,Poincare-like,1.0,30.000000000000025,581
121,69,Poincare-like,1.0,30.000000000000025,581
122,100,Poincare-like,1.0,30.000000000000025,581
123,131,Poincare-like,1.0,30.000000000000025,581
124,156,Poincare-like,1.0,30.000000000000025,581
125,179,Poincare-like,1.0,30.000000000000025,581
126,190,Poincare-like,1.0,30.000000000000025,581
127,163,Poincare-like,1.0,30.000000000000025,581
128,134,Poincare-like,1.0,30.000000000000025,50
129,99,Poincare-like,1.0,30.000000000000025,581
130,78,Poincare-like,1.0,30.000000000000025,581
131,55,Poincare-like,1.0,30.000000000000025,254
132,20,Poincare-like,1.0,30.000000000000025,581
133,3,Poincare-like,1.0,30.000000000000025,581
134,28,Poincare-like,1.0,30.000000000000025,581
135,53,Poincare-like,1.0,30.000000000000025,581
136,80,Poincare-like,1.0,30.000000000000025,581
137,101,Poincare-like,1.0,30.000000000000025,581
138,132,Poincare-like,1.0,30.000000000000025,132
139,155,Poincare-like,1.0,30.000000000000025,581
140,194,Poincare-like,1.0,30.000000000000025,581
141,181,Poincare-like,1.0,30.000000000000025,581
142,160,Poincare-like,1.0,30.000000000000025,581
143,125,Poincare-like,1.0,30.000000000000025,581
144,94,Poincare-like,1.0,30.000000000000025,581
145,63,Poincare-like,1.0,30.000000000000025,581
146,46,Poincare-like,1.0,30.000000000000025,581
147,11,Poincare-like,1.0,30.000000000000025,581
148,20,Poincare-like,1.0,30.000000000000025,581
149,49,Poincare-like,1.0,30.000000000000025,581
150,78,Poincare-like,1.0,30.000000000000025,581
151,105,Poincare-like,1.0,30.000000000000025,581
152,132,Poincare-like,1.0,30.000000000000025,581
153,163,Poincare-like,1.0,30.000000000000025,581
154,192,Poincare-like,1.0,30.000000000000025,581
155,173,Poincare-like,1.0,30.000000000000025,581
156,132,Poincare-like,1.0,30.000000000000025,581
157,107,Poincare-like,1.0,30.000000000000025,581
158,78,Poincare-like,1.0,30.000000000000025,581
159,49,Poincare-like,1.0,30.000000000000025,581
160,22,Poincare-like,1.0,30.000000000000025,581
161,13,Poincare-like,1.0,30.000000000000025,581
162,46,Poincare-like,1.0,30.000000000000025,581
163,83,Poincare-like,1.0,30.000000000000025,581
164,118,Poincare-like,1.0,30.000000000000025,581
165,153,Poincare-like,1.0,30.000000000000025,581
166,188,Poincare-like,1.0,30.000000000000025,581
167,177,Poincare-like,1.0,30.000000000000025,581
168,138,Poincare-like,1.0,30.000000000000025,581
169,101,Poincare-like,1.0,30.000000000000025,581
170,56,Poincare-like,1.0,30.000000000000025,581
171,19,Poincare-like,1.0,30.000000000000025,581
172,22,Poincare-like,1.0,30.000000000000025,581
173,69,Poincare-like,1.0,30.000000000000025,581
174,116,Poincare-like,1.0,30.000000000000025,581
175,181,Poincare-like,1.0,30.000000000000025,581
176,152,Poincare-like,1.0,30.000000000000025,581
177,7,Poincare-like,1.0,30.000000000000025,581
178,26,Poincare-like,1.0,30.000000000000025,581
179,145,Poincare-like,1.0,30.000000000000025,581
180,182,Poincare-like,1.0,30.000000000000025,581
181,173,Poincare-like,1.0,30.000000000000025,581
182,150,Poincare-like,1.0,30.000000000000025,581
183,121,Poincare-like,1.0,30.000000000000025,581
184,102,Poincare-like,1.0,30.000000000000025,581
185,81,Poincare-like,1.0,30.000000000000025,581
186,68,Poincare-like,1.0,30.000000000000025,581
187,55,Poincare-like,1.0,30.000000000000025,581
188,52,Poincare-like,1.0,30.000000000000025,581
189,35,Poincare-like,1.0,30.000000000000025,581
190,24,Poincare-like,1.0,30.000000000000025,581
191,7,Poincare-like,1.0,30.000000000000025,581
192,14,Poincare-like,1.0,30.000000000000025,581
193,31,Poincare-like,1.0,30.000000000000025,581
194,96,Poincare-like,1.0,30.000000000000025,581
195,119,Poincare-like,1.0,30.000000000000025,581
196,136,Poincare-like,1.0,30.000000000000025,581
197,189,Poincare-like,1.0,30.000000000000025,581
198,196,Poincare-like,1.0,30.000000000000025,581
199,183,Poincare-like,1.0,30.000000000000025,581
200,128,Poincare-like,1.0,30.000000000000025,39
201,103,Poincare-like,1.0,30.000000000000025,10
202,7,Poincare-like,1.0,30.000000000000025,581
203,8,Poincare-like,1.0,30.000000000000025,581
204,9,Poincare-like,1.0,30.000000000000025,581
205,10,Poincare-like,1.0,30.000000000000025,581
206,11,Poincare-like,1.0,30.000000000000025,581
207,12,Poincare-like,1.0,30.000000000000025,581
208,13,Poincare-like,1.0,30.000000000000025,581
209,14,Poincare-like,1.0,30.000000000000025,581
210,15,Poincare-like,1.0,30.000000000000025,581
211,16,Poincare-like,1.0,30.000000000000025,581
212,17,Poincare-like,1.0,30.000000000000025,581
213,18,Poincare-like,1.0,30.000000000000025,581
214,19,Poincare-like,1.0,30.000000000000025,581
215,20,Poincare-like,1.0,30.000000000000025,425
216,20,Poincare-like,1.0,30.000000000000025,425
217,19,Poincare-like,1.0,30.000000000000025,581
218,18,Poincare-like,1.0,30.000000000000025,581
219,17,Poincare-like,1.0,30.000000000000025,581
220,16,Poincare-like,1.0,30.000000000000025,581
221,15,Poincare-like,1.0,30.000000000000025,581
222,14,Poincare-like,1.0,30.000000000000025,581
223,13,Poincare-like,1.0,30.000000000000025,581
224,12,Poincare-like,1.0,30.000000000000025,581
225,11,Poincare-like,1.0,30.000000000000025,581
226,10,Poincare-like,1.0,30.000000000000025,581
227,9,Poincare-like,1.0,30.000000000000025,581
228,8,Poincare-like,1.0,30.000000000000025,581
229,7,Poincare-like,1.0,30.000000000000025,581
230,99,Poincare-like,1.0,30.000000000000025,581
231,128,Poincare-like,1.0,30.000000000000025,581
232,183,Poincare-like,1.0,30.000000000000025,581
233,196,Poincare-like,1.0,30.000000000000025,581
234,189,Poincare-like,1.0,30.000000000000025,581
235,136,Poincare-like,1.0,30.000000000000025,581
236,119,Poincare-like,1.0,30.000000000000025,581
237,96,Poincare-like,1.0,30.000000000000025,581
238,31,Poincare-like,1.0,30.000000000000025,581
239,14,Poincare-like,1.0,30.000000000000025,581
240,7,Poincare-like,1.0,30.000000000000025,581
241,24,Poincare-like,1.0,30.000000000000025,581
242,35,Poincare-like,1.0,30.000000000000025,581
243,52,Poincare-like,1.0,30.000000000000025,581
244,55,Poincare-like,1.0,30.000000000000025,581
245,68,Poincare-like,1.0,30.000000000000025,581
246,81,Poincare-like,1.0,30.000000000000025,581
247,102,Poincare-like,1.0,30.000000000000025,581
248,121,Poincare-like,1.0,30.000000000000025,581
249,150,Poincare-like,1.0,30.000000000000025,581
250,173,Poincare-like,1.0,30.000000000000025,581
251,182,Poincare-like,1.0,30.000000000000025,581
252,145,Poincare-like,1.0,30.000000000000025,581
253,26,Poincare-like,1.0,30.000000000000025,581
254,5,Poincare-like,1.0,30.000000000000025,581
255,152,Poincare-like,1.0,30.000000000000025,581
256,181,Poincare-like,1.0,30.000000000000025,581
257,116,Poincare-like,1.0,30.000000000000025,581
258,69,Poincare-like,1.0,30.000000000000025,581
259,22,Poincare-like,1.0,30.000000000000025,581
260,19,Poincare-like,1.0,30.000000000000025,581
261,56,Poincare-like,1.0,30.000000000000025,581
262,101,Poincare-like,1.0,30.000000000000025,581
263,138,Poincare-like,1.0,30.000000000000025,581
264,177,Poincare-like,1.0,30.000000000000025,581
265,188,Poincare-like,1.0,30.000000000000025,581
266,153,Poincare-like,1.0,30.000000000000025,581
267,118,Poincare-like,1.0,30.000000000000025,581
268,83,Poincare-like,1.0,30.000000000000025,581
269,46,Poincare-like,1.0,30.000000000000025,581
270,13,Poincare-like,1.0,30.000000000000025,581
271,22,Poincare-like,1.0,30.000000000000025,581
272,49,Poincare-like,1.0,30.000000000000025,581
273,78,Poincare-like,1.0,30.000000000000025,581
274,107,Poincare-like,1.0,30.000000000000025,581
275,132,Poincare-like,1.0,30.000000000000025,581
276,173,Poincare-like,1.0,30.000000000000025,581
277,192,Poincare-like,1.0,30.000000000000025,581
278,163,Poincare-like,1.0,30.000000000000025,581
279,132,Poincare-like,1.0,30.000000000000025,581
280,105,Poincare-like,1.0,30.000000000000025,581
281,78,Poincare-like,1.0,30.000000000000025,581
282,49,Poincare-like,1.0,30.000000000000025,581
283,20,Poincare-like,1.0,30.000000000000025,581
284,11,Poincare-like,1.0,30.000000000000025,581
285,46,Poincare-like,1.0,30.000000000000025,581
286,63,Poincare-like,1.0,30.000000000000025,581
287,94,Poincare-like,1.0,30.000000000000025,581
288,125,Poincare-like,1.0,30.000000000000025,581
289,160,Poincare-like,1.0,30.000000000000025,581
290,181,Poincare-like,1.0,30.000000000000025,581
291,194,Poincare-like,1.0,30.000000000000025,581
292,155,Poincare-like,1.0,30.000000000000025,581
293,132,Poincare-like,1.0,30.000000000000025,132
294,101,Poincare-like,1.0,30.000000000000025,581
295,80,Poincare-like,1.0,30.000000000000025,581
296,53,Poincare-like,1.0,30.000000000000025,581
297,28,Poincare-like,1.0,30.000000000000025,581
298,3,Poincare-like,1.0,30.000000000000025,581
299,20,Poincare-like,1.0,30.000000000000025,581
300,55,Poincare-like,1.0,30.000000000000025,262
301,78,Poincare-like,1.0,30.000000000000025,581
302,99,Poincare-like,1.0,30.000000000000025,581
303,134,Poincare-like,1.0,30.000000000000025,50
304,163,Poincare-like,1.0,30.000000000000025,581
305,190,Poincare-like,1.0,30.000000000000025,581
306,179,Poincare-like,1.0,30.000000000000025,581
307,156,Poincare-like,1.0,30.000000000000025,581
308,131,Poincare-like,1.0,30.000000000000025,581
309,100,Poincare-like,1.0,30.000000000000025,581
310,69,Poincare-like,1.0,30.000000000000025,581
311,56,Poincare-like,1.0,30.000000000000025,581
312,31,Poincare-like,1.0,30.000000000000025,581
313,6,Poincare-like,1.0,30.000000000000025,581
314,27,Poincare-like,1.0,30.000000000000025,581
315,60,Poincare-like,1.0,30.000000000000025,581
316,89,Poincare-like,1.0,30.000000000000025,581
317,106,Poincare-like,1.0,30.000000000000025,581
318,135,Poincare-like,1.0,30.000000000000025,581
319,158,Poincare-like,1.0,30.000000000000025,581
320,0,Kelvin/slow,1.0,30.000000000000025,581
321,186,Poincare-like,1.0,30.000000000000025,581
322,157,Poincare-like,1.0,30.000000000000025,581
323,130,Poincare-like,1.0,30.000000000000025,581
324,101,Poincare-like,1.0,30.000000000000025,581
325,84,Poincare-like,1.0,30.000000000000025,581
326,59,Poincare-like,1.0,30.000000000000025,581
327,28,Poincare-like,1.0,30.000000000000025,581
328,15,Poincare-like,1.0,30.000000000000025,19
329,26,Poincare-like,1.0,30.000000000000025,581
330,49,Poincare-like,1.0,30.000000000000025,581
331,70,Poincare-like,1.0,30.000000000000025,581
332,91,Poincare-like,1.0,30.000000000000025,581
333,124,Poincare-like,1.0,30.000000000000025,581
334,147,Poincare-like,1.0,30.000000000000025,581
335,174,Poincare-like,1.0,30.000000000000025,581
336,195,Poincare-like,1.0,30.000000000000025,581
337,170,Poincare-like,1.0,30.000000000000025,581
338,145,Poincare-like,1.0,30.000000000000025,581
339,116,Poincare-like,1.0,30.000000000000025,581
340,95,Poincare-like,1.0,30.000000000000025,581
341,68,Poincare-like,1.0,30.000000000000025,581
342,55,Poincare-like,1.0,30.000000000000025,581
343,14,Poincare-like,1.0,30.000000000000025,581
344,13,Poincare-like,1.0,30.000000000000025,581
345,34,Poincare-like,1.0,30.000000000000025,581
346,61,Poincare-like,1.0,30.000000000000025,581
347,84,Poincare-like,1.0,30.000000000000025,581
348,107,Poincare-like,1.0,30.000000000000025,581
349,134,Poincare-like,1.0,30.000000000000025,581
350,157,Poincare-like,1.0,30.000000000000025,581
351,180,Poincare-like,1.0,30.000000000000025,581
352,187,Poincare-like,1.0,30.000000000000025,581
353,152,Poincare-like,1.0,30.000000000000025,581
354,139,Poincare-like,1.0,30.000000000000025,581
355,112,Poincare-like,1.0,30.000000000000025,581
356,89,Poincare-like,1.0,30.000000000000025,581
357,62,Poincare-like,1.0,30.000000000000025,581
358,49,Poincare-like,1.0,30.000000000000025,581
359,10,Poincare-like,1.0,30.000000000000025,581
360,17,Poincare-like,1.0,30.000000000000025,581
361,34,Poincare-like,1.0,30.000000000000025,581
362,57,Poincare-like,1.0,30.000000000000025,581
363,84,Poincare-like,1.0,30.000000000000025,581
364,117,Poincare-like,1.0,30.000000000000025,581
365,140,Poincare-like,1.0,30.000000000000025,581
366,169,Poincare-like,1.0,30.000000000000025,581
367,192,Poincare-like,1.0,30.000000000000025,581
368,187,Poincare-like,1.0,30.000000000000025,581
369,168,Poincare-like,1.0,30.000000000000025,581
370,129,Poincare-like,1.0,30.000000000000025,581
371,106,Poincare-like,1.0,30.000000000000025,581
372,79,Poincare-like,1.0,30.000000000000025,581
373,60,Poincare-like,1.0,30.000000000000025,581
374,39,Poincare-like,1.0,30.000000000000025,581
375,14,Poincare-like,1.0,30.000000000000025,581
376,11,Poincare-like,1.0,30.000000000000025,581
377,46,Poincare-like,1.0,30.000000000000025,581
378,71,Poincare-like,1.0,30.000000000000025,581
379,90,Poincare-like,1.0,30.000000000000025,581
380,109,Poincare-like,1.0,30.000000000000025,581
381,140,Poincare-like,1.0,30.000000000000025,581
382,163,Poincare-like,1.0,30.000000000000025,6
383,188,Poincare-like,1.0,30.000000000000025,581
384,185,Poincare-like,1.0,30.000000000000025,36
385,158,Poincare-like,1.0,30.000000000000025,581
386,131,Poincare-like,1.0,30.000000000000025,581
387,108,Poincare-like,1.0,30.000000000000025,581
388,91,Poincare-like,1.0,30.000000000000025,581
389,58,Poincare-like,1.0,30.000000000000025,581
390,31,Poincare-like,1.0,30.000000000000025,581
391,10,Poincare-like,1.0,30.000000000000025,581
392,13,Poincare-like,1.0,30.000000000000025,47
393,40,Poincare-like,1.0,30.000000000000025,581
394,67,Poincare-like,1.0,30.000000000000025,581
395,90,Poincare-like,1.0,30.000000000000025,581
396,123,Poincare-like,1.0,30.000000000000025,581
397,138,Poincare-like,1.0,30.000000000000025,581
398,167,Poincare-like,1.0,30.000000000000025,581
399,182,Poincare-like,1.0,30.000000000000025,581
400,189,Poincare-like,1.0,30.000000000000025,581
401,158,Poincare-like,1.0,30.000000000000025,581
402,135,Poincare-like,1.0,30.000000000000025,581
403,100,Poincare-like,1.0,30.000000000000025,581
404,83,Poincare-like,1.0,30.000000000000025,581
405,58,Poincare-like,1.0,30.000000000000025,581
406,43,Poincare-like,1.0,30.000000000000025,581
407,18,Poincare-like,1.0,30.000000000000025,581
408,15,Poincare-like,1.0,30.000000000000025,581
409,38,Poincare-like,1.0,30.000000000000025,581
410,71,Poincare-like,1.0,30.000000000000025,581
411,90,Poincare-like,1.0,30.000000000000025,581
412,113,Poincare-like,1.0,30.000000000000025,581
413,132,Poincare-like,1.0,30.000000000000025,581
414,163,Poincare-like,1.0,30.000000000000025,581
415,186,Poincare-like,1.0,30.000000000000025,581
416,193,Poincare-like,1.0,30.000000000000025,581
417,164,Poincare-like,1.0,30.000000000000025,581
418,137,Poincare-like,1.0,30.000000000000025,581
419,116,Poincare-like,1.0,30.000000000000025,581
420,91,Poincare-like,1.0,30.000000000000025,581
421,66,Poincare-like,1.0,30.000000000000025,581
422,45,Poincare-like,1.0,30.000000000000025,581
423,20,Poincare-like,1.0,30.000000000000025,581
424,9,Poincare-like,1.0,30.000000000000025,581
425,34,Poincare-like,1.0,30.000000000000025,581
426,63,Poincare-like,1.0,30.000000000000025,581
427,90,Poincare-like,1.0,30.000000000000025,581
428,105,Poincare-like,1.0,30.000000000000025,581
429,132,Poincare-like,1.0,30.000000000000025,581
430,157,Poincare-like,1.0,30.000000000000025,581
