m,root_index,real_omega,imag_omega,real_omega_over_Omega,imag_omega_over_Omega,abs_residual,normalized_residual,root_class
1,0,-8.903720515394886658e-04,0.000000000000000000e+00,-1.780744103078977147e+01,0.000000000000000000e+00,4.079962132912704103e-41,1.837451587547300310e-25,real_negative
1,1,8.900556181865946354e-04,0.000000000000000000e+00,1.780111236373189243e+01,0.000000000000000000e+00,3.097198227069196275e-40,1.394854073134457864e-24,real_positive
1,2,-9.122087332286953076e-05,0.000000000000000000e+00,-1.824417466457390447e+00,0.000000000000000000e+00,5.029074078509475328e-46,2.264893614599379904e-30,real_negative
1,3,9.134392219380337268e-05,0.000000000000000000e+00,1.826878443876067459e+00,0.000000000000000000e+00,1.487340105872105033e-46,6.698384346578778271e-31,real_positive
1,4,1.582145983002531043e-07,2.803124037052185353e-05,3.164291966005062032e-03,5.606248074104370760e-01,4.641991390566632942e-48,2.090567069681293868e-32,complex_unstable
1,5,1.582145983002531043e-07,-2.803124037052185353e-05,3.164291966005062032e-03,-5.606248074104370760e-01,4.641991390566632942e-48,2.090567069681293868e-32,complex_damped
1,6,-8.779286730042293934e-06,0.000000000000000000e+00,-1.755857346008458664e-01,0.000000000000000000e+00,5.986992950606518247e-49,2.696301922142130194e-33,real_negative
1,7,8.656242015401651024e-06,0.000000000000000000e+00,1.731248403080330178e-01,0.000000000000000000e+00,1.710569414459005214e-49,7.703719777548943412e-34,real_positive
2,0,-9.050939926344832255e-04,0.000000000000000000e+00,-1.810187985268966315e+01,0.000000000000000000e+00,1.435054669237524927e-40,6.462911647174465112e-25,real_negative
2,1,9.044814104627021869e-04,0.000000000000000000e+00,1.808962820925404458e+01,0.000000000000000000e+00,1.907282357781495049e-40,8.589636080793871114e-25,real_positive
2,2,-9.116369274312429252e-05,0.000000000000000000e+00,-1.823273854862485832e+00,0.000000000000000000e+00,1.293618119684622693e-45,5.825938081771363933e-30,real_negative
2,3,9.140183951078531218e-05,0.000000000000000000e+00,1.828036790215706198e+00,0.000000000000000000e+00,1.286604785085340771e-45,5.794352830683411863e-30,real_positive
2,4,3.062760252658862829e-07,2.803730474251674653e-05,6.125520505317725781e-03,5.607460948503348863e-01,1.662509150949151225e-47,7.487275592714637142e-32,complex_unstable
2,5,3.062760252658862829e-07,-2.803730474251674653e-05,6.125520505317725781e-03,-5.607460948503348863e-01,1.662509150949151225e-47,7.487275592714637142e-32,complex_damped
2,6,-8.836899507730394026e-06,0.000000000000000000e+00,-1.767379901546078658e-01,0.000000000000000000e+00,1.111870119398353389e-48,5.007417855406813218e-33,real_negative
2,7,8.598782861318581932e-06,0.000000000000000000e+00,1.719756572263716199e-01,0.000000000000000000e+00,1.710569414459005214e-49,7.703719777548943412e-34,real_positive
3,0,-9.290054600354571025e-04,0.000000000000000000e+00,-1.858010920070914196e+01,0.000000000000000000e+00,3.068234439811792199e-40,1.381809941015879408e-24,real_negative
3,1,9.281331834022737677e-04,0.000000000000000000e+00,1.856266366804547374e+01,0.000000000000000000e+00,1.500862244332443607e-40,6.759282610456373263e-25,real_positive
3,2,-9.111379776967637597e-05,0.000000000000000000e+00,-1.822275955393527491e+00,0.000000000000000000e+00,1.536091334184186682e-45,6.917940360238920356e-30,real_negative
3,3,9.145276504932818736e-05,0.000000000000000000e+00,1.829055300986563770e+00,0.000000000000000000e+00,6.723393083531119992e-46,3.027947058565598195e-30,real_positive
3,4,4.360949068918967800e-07,2.804654402415197924e-05,8.721898137837936008e-03,5.609308804830395179e-01,1.745788039497975899e-48,7.862330364150953010e-33,complex_unstable
3,5,4.360949068918967800e-07,-2.804654402415197924e-05,8.721898137837936008e-03,-5.609308804830395179e-01,1.745788039497975899e-48,7.862330364150953010e-33,complex_damped
3,6,-8.887389239996677684e-06,0.000000000000000000e+00,-1.777477847999335558e-01,0.000000000000000000e+00,0.000000000000000000e+00,0.000000000000000000e+00,real_negative
3,7,8.548508779744653087e-06,0.000000000000000000e+00,1.709701755948930535e-01,0.000000000000000000e+00,2.565854121688507820e-49,1.155557966632341512e-33,real_positive
4,0,9.603322975791464848e-04,0.000000000000000000e+00,1.920664595158292798e+01,0.000000000000000000e+00,8.787082558253972547e-40,3.957350147475233218e-24,real_positive
4,1,-9.614182372721919280e-04,0.000000000000000000e+00,-1.922836474544383734e+01,0.000000000000000000e+00,7.867320831229887003e-40,3.543126292905423333e-24,real_negative
4,2,9.149473028705480248e-05,0.000000000000000000e+00,1.829894605741095859e+00,0.000000000000000000e+00,3.731607177642319873e-46,1.680566469472293948e-30,real_positive
4,3,-9.107294753492564177e-05,0.000000000000000000e+00,-1.821458950698512824e+00,0.000000000000000000e+00,2.207489829359346228e-46,9.941650372926862428e-31,real_negative
4,4,5.428862564604556173e-07,2.805792930730032148e-05,1.085772512920911252e-02,5.611585861460064439e-01,6.734280906034814636e-48,3.032850497902663738e-32,complex_unstable
4,5,5.428862564604556173e-07,-2.805792930730032148e-05,1.085772512920911252e-02,-5.611585861460064439e-01,6.734280906034814636e-48,3.032850497902663738e-32,complex_damped
4,6,-8.928874036714613339e-06,0.000000000000000000e+00,-1.785774807342922488e-01,0.000000000000000000e+00,1.197398590121303649e-48,5.392603844284260389e-33,real_negative
4,7,8.507258464709843202e-06,0.000000000000000000e+00,1.701451692941968463e-01,0.000000000000000000e+00,1.710569414459005214e-49,7.703719777548943412e-34,real_positive
5,0,1.000255034312629368e-03,0.000000000000000000e+00,2.000510068625258597e+01,0.000000000000000000e+00,5.196738572507246560e-40,2.340402968557549750e-24,real_positive
5,1,-1.001505854517141698e-03,0.000000000000000000e+00,-2.003011709034283427e+01,0.000000000000000000e+00,1.151911163318682779e-39,5.187746638233801637e-24,real_negative
5,2,9.152712472149302750e-05,0.000000000000000000e+00,1.830542494429860501e+00,0.000000000000000000e+00,1.061408321671812735e-46,4.780158121969093989e-31,real_positive
5,3,-9.104157600052540462e-05,0.000000000000000000e+00,-1.820831520010508076e+00,0.000000000000000000e+00,1.784294956222188338e-45,8.035750099961259433e-30,real_negative
5,4,6.252826464292687946e-07,2.807042209801741426e-05,1.250565292858537604e-02,5.614084419603482257e-01,1.264346875484832914e-47,5.694112117300544415e-32,complex_unstable
5,5,6.252826464292687946e-07,-2.807042209801741426e-05,1.250565292858537604e-02,-5.614084419603482257e-01,1.264346875484832914e-47,5.694112117300544415e-32,complex_damped
5,6,-8.960821389639080656e-06,0.000000000000000000e+00,-1.792164277927816018e-01,0.000000000000000000e+00,1.111870119398353389e-48,5.007417855406813218e-33,real_negative
5,7,8.475527580325424224e-06,0.000000000000000000e+00,1.695105516065084639e-01,0.000000000000000000e+00,4.276423536147513034e-49,1.925929944387235853e-33,real_positive
6,0,1.047018496792447928e-03,0.000000000000000000e+00,2.094036993584895612e+01,0.000000000000000000e+00,1.732389562439297657e-39,7.801988885531577454e-24,real_positive
6,1,-1.048388025556914582e-03,0.000000000000000000e+00,-2.096776051113829098e+01,0.000000000000000000e+00,2.746615637277686382e-39,1.236965699684571986e-23,real_negative
6,2,9.155042095467360100e-05,0.000000000000000000e+00,1.831008419093471895e+00,0.000000000000000000e+00,2.138639410427371268e-45,9.631575651880509048e-30,real_positive
6,3,-9.101910155685244972e-05,0.000000000000000000e+00,-1.820382031137048884e+00,0.000000000000000000e+00,7.800196529933063774e-46,3.512896218562297877e-30,real_negative
6,4,6.845974580461176281e-07,2.808314992653966730e-05,1.369194916092235197e-02,5.616629985307932671e-01,1.294621453139631850e-47,5.830456693945496050e-32,complex_unstable
6,5,6.845974580461176281e-07,-2.808314992653966730e-05,1.369194916092235197e-02,-5.616629985307932671e-01,1.294621453139631850e-47,5.830456693945496050e-32,complex_damped
6,6,-8.983754897504419597e-06,0.000000000000000000e+00,-1.796750979500883749e-01,0.000000000000000000e+00,5.986992950606518247e-49,2.696301922142130194e-33,real_negative
6,7,8.452769348057366123e-06,0.000000000000000000e+00,1.690553869611473026e-01,0.000000000000000000e+00,8.552847072295026068e-50,3.851859888774471706e-34,real_positive
7,0,-1.101197783194440881e-03,0.000000000000000000e+00,-2.202395566388881676e+01,0.000000000000000000e+00,3.813996433613257356e-40,1.717671258056855114e-24,real_negative
7,1,1.099749863114112859e-03,0.000000000000000000e+00,2.199499726228225782e+01,0.000000000000000000e+00,1.378552641876947079e-39,6.208449043702249112e-24,real_positive
7,2,-9.100434607696092359e-05,0.000000000000000000e+00,-1.820086921539218361e+00,0.000000000000000000e+00,2.318334727416289766e-45,1.044085141451201574e-29,real_negative
7,3,9.156575594794463108e-05,0.000000000000000000e+00,1.831315118958892540e+00,0.000000000000000000e+00,1.229215181230241146e-45,5.535893032146635003e-30,real_positive
7,4,7.237632008850071066e-07,2.809548122494871528e-05,1.447526401770014154e-02,5.619096244989743028e-01,2.081903572810593677e-47,9.376060154731093971e-32,complex_unstable
7,5,7.237632008850071066e-07,-2.809548122494871528e-05,1.447526401770014154e-02,-5.619096244989743028e-01,2.081903572810593677e-47,9.376060154731093971e-32,complex_damped
7,6,-8.998832672412566949e-06,0.000000000000000000e+00,-1.799766534482513392e-01,0.000000000000000000e+00,8.552847072295026068e-50,3.851859888774471706e-34,real_negative
7,7,8.437816479986514796e-06,0.000000000000000000e+00,1.687563295997302759e-01,0.000000000000000000e+00,3.421138828918010427e-49,1.540743955509788682e-33,real_positive
8,0,-1.159126131753565429e-03,0.000000000000000000e+00,-2.318252263507130806e+01,0.000000000000000000e+00,1.228280785852146332e-39,5.531684726184634316e-24,real_negative
8,1,1.157632962793428769e-03,0.000000000000000000e+00,2.315265925586857421e+01,0.000000000000000000e+00,3.356029940946607300e-39,1.511421474934713864e-23,real_positive
8,2,-9.099590380318256879e-05,0.000000000000000000e+00,-1.819918076063651302e+00,0.000000000000000000e+00,9.961500985102016861e-46,4.486261212455595667e-30,real_negative
8,3,9.157454336093339667e-05,0.000000000000000000e+00,1.831490867218667828e+00,0.000000000000000000e+00,2.302426431861821017e-46,1.036920682058080251e-30,real_positive
8,4,7.463690298810624468e-07,2.810702111494442536e-05,1.492738059762124814e-02,5.621404222988884980e-01,1.398442806333116537e-47,6.298026501500774338e-32,complex_unstable
8,5,7.463690298810624468e-07,-2.810702111494442536e-05,1.492738059762124814e-02,-5.621404222988884980e-01,1.398442806333116537e-47,6.298026501500774338e-32,complex_damped
8,6,-9.007466747815133179e-06,0.000000000000000000e+00,-1.801493349563026425e-01,0.000000000000000000e+00,4.276423536147513034e-49,1.925929944387235853e-33,real_negative
8,7,8.429258090439184183e-06,0.000000000000000000e+00,1.685851618087836623e-01,0.000000000000000000e+00,2.565854121688507820e-49,1.155557966632341512e-33,real_positive
9,0,-1.221446067969250617e-03,0.000000000000000000e+00,-2.442892135938501141e+01,0.000000000000000000e+00,1.910977265975277211e-39,8.606276116939150460e-24,real_negative
9,1,1.219933641760663576e-03,0.000000000000000000e+00,2.439867283521326868e+01,0.000000000000000000e+00,4.038671774620524578e-40,1.818855989046781990e-24,real_positive
9,2,-9.099239270515677635e-05,0.000000000000000000e+00,-1.819847854103135543e+00,0.000000000000000000e+00,4.159164002786348226e-45,1.873120945312123272e-29,real_negative
9,3,9.157819988441305407e-05,0.000000000000000000e+00,1.831563997688260947e+00,0.000000000000000000e+00,8.722193444326467584e-46,3.928126714572174717e-30,real_positive
9,4,7.559896094509742572e-07,2.811756606180857720e-05,1.511979218901948405e-02,5.623513212361714864e-01,1.302794023919463073e-47,5.867262680664202949e-32,complex_unstable
9,5,7.559896094509742572e-07,-2.811756606180857720e-05,1.511979218901948405e-02,-5.623513212361714864e-01,1.302794023919463073e-47,5.867262680664202949e-32,complex_damped
9,6,-9.011059206683833881e-06,0.000000000000000000e+00,-1.802211841336766596e-01,0.000000000000000000e+00,2.565854121688507820e-49,1.155557966632341512e-33,real_negative
9,7,8.425699017112605192e-06,0.000000000000000000e+00,1.685139803422520954e-01,0.000000000000000000e+00,2.565854121688507820e-49,1.155557966632341512e-33,real_positive
10,0,1.286008998663465235e-03,0.000000000000000000e+00,2.572017997326930328e+01,0.000000000000000000e+00,7.565869567853540270e-39,3.407364505729322946e-23,real_positive
10,1,-1.287521072494736147e-03,0.000000000000000000e+00,-2.575042144989472348e+01,0.000000000000000000e+00,6.453444110042099468e-39,2.906372650330161502e-23,real_negative
10,2,9.157799240174492269e-05,0.000000000000000000e+00,1.831559848034898463e+00,0.000000000000000000e+00,4.459454463494626592e-46,2.008359746006991681e-30,real_positive
10,3,-9.099258988977045211e-05,0.000000000000000000e+00,-1.819851797795408954e+00,0.000000000000000000e+00,1.826717077700771668e-45,8.226802350444445204e-30,real_negative
10,4,7.558139312873617063e-07,2.812704805745955218e-05,1.511627862574723390e-02,5.625409611491910544e-01,3.962331990968617551e-48,1.784475687804446152e-32,complex_unstable
10,5,7.558139312873617063e-07,-2.812704805745955218e-05,1.511627862574723390e-02,-5.625409611491910544e-01,3.962331990968617551e-48,1.784475687804446152e-32,complex_damped
10,6,-9.010857452954728757e-06,0.000000000000000000e+00,-1.802171490590945557e-01,0.000000000000000000e+00,4.276423536147513034e-48,1.925929944387235853e-32,real_negative
10,7,8.425900909676395506e-06,0.000000000000000000e+00,1.685180181935279076e-01,0.000000000000000000e+00,3.421138828918010427e-49,1.540743955509788682e-33,real_positive
11,0,1.355306139861398636e-03,0.000000000000000000e+00,2.710612279722797169e+01,0.000000000000000000e+00,9.015022897827176786e-39,4.060004957842190601e-23,real_positive
11,1,-1.356803569130878018e-03,0.000000000000000000e+00,-2.713607138261755836e+01,0.000000000000000000e+00,3.429759536160603398e-39,1.544626216451633893e-23,real_negative
11,2,9.157497659024931643e-05,0.000000000000000000e+00,1.831499531804986258e+00,0.000000000000000000e+00,2.560209242620793103e-45,1.153015739105738870e-29,real_positive
11,3,-9.099548242095515836e-05,0.000000000000000000e+00,-1.819909648419103076e+00,0.000000000000000000e+00,3.328083852771440543e-45,1.498835719919908137e-29,real_negative
11,4,7.484983694454127238e-07,2.813548511027721589e-05,1.496996738890825351e-02,5.627097022055442821e-01,1.558737313820846354e-47,7.019928785692051523e-32,complex_unstable
11,5,7.484983694454127238e-07,-2.813548511027721589e-05,1.496996738890825351e-02,-5.627097022055442821e-01,1.558737313820846354e-47,7.019928785692051523e-32,complex_damped
11,6,-9.007897910257408247e-06,0.000000000000000000e+00,-1.801579582051481554e-01,0.000000000000000000e+00,6.842277657836020854e-49,3.081487911019577365e-33,real_negative
11,7,8.428836271551910206e-06,0.000000000000000000e+00,1.685767254310381880e-01,0.000000000000000000e+00,1.197398590121303649e-48,5.392603844284260389e-33,real_positive
12,0,1.427355109276836004e-03,0.000000000000000000e+00,2.854710218553671908e+01,0.000000000000000000e+00,6.751417761508765358e-39,3.040567777396263852e-23,real_positive
12,1,-1.428827832368045284e-03,0.000000000000000000e+00,-2.857655664736090273e+01,0.000000000000000000e+00,6.857455649213787308e-39,3.088322985621100257e-23,real_negative
12,2,9.156999147740351830e-05,0.000000000000000000e+00,1.831399829548070235e+00,0.000000000000000000e+00,2.910020687877659669e-45,1.310556808556611960e-29,real_positive
12,3,-9.100026776969759898e-05,0.000000000000000000e+00,-1.820005355393951918e+00,0.000000000000000000e+00,1.153094842286815414e-45,5.193077502045687403e-30,real_negative
12,4,7.361560611754158653e-07,2.814294386085775703e-05,1.472312122350831649e-02,5.628588772171551069e-01,2.961311368614051244e-47,1.333656077621825470e-31,complex_unstable
12,5,7.361560611754158653e-07,-2.814294386085775703e-05,1.472312122350831649e-02,-5.628588772171551069e-01,2.961311368614051244e-47,1.333656077621825470e-31,complex_damped
12,6,-9.003003060386713434e-06,0.000000000000000000e+00,-1.800600612077342677e-01,0.000000000000000000e+00,1.197398590121303649e-48,5.392603844284260389e-33,real_negative
12,7,8.433690321538607257e-06,0.000000000000000000e+00,1.686738064307721496e-01,0.000000000000000000e+00,5.131708243377015641e-49,2.311115933264683024e-33,real_positive
13,0,1.501759241816271514e-03,0.000000000000000000e+00,3.003518483632542768e+01,0.000000000000000000e+00,1.569696669799612952e-38,7.069283682764254517e-23,real_positive
13,1,-1.503200454934465642e-03,0.000000000000000000e+00,-3.006400909868931137e+01,0.000000000000000000e+00,1.153320336816949412e-38,5.194091815369743446e-23,real_negative
13,2,9.156368199243523985e-05,0.000000000000000000e+00,1.831273639848704615e+00,0.000000000000000000e+00,2.779504241554437571e-45,1.251777426653912541e-29,real_positive
13,3,-9.100632981492984535e-05,0.000000000000000000e+00,-1.820126596298596855e+00,0.000000000000000000e+00,4.055760081682301361e-46,1.826551959256833113e-30,real_negative
13,4,7.204141900441989559e-07,2.814951415320422854e-05,1.440828380088397809e-02,5.629902830640844957e-01,1.019054769982175048e-47,4.589414682361850060e-32,complex_unstable
13,5,7.204141900441989559e-07,-2.814951415320422854e-05,1.440828380088397809e-02,-5.629902830640844957e-01,1.019054769982175048e-47,4.589414682361850060e-32,complex_damped
13,6,-8.996804764901526717e-06,0.000000000000000000e+00,-1.799360952980305350e-01,0.000000000000000000e+00,1.197398590121303649e-48,5.392603844284260389e-33,real_negative
13,7,8.439837325501684743e-06,0.000000000000000000e+00,1.687967465100336795e-01,0.000000000000000000e+00,6.842277657836020854e-49,3.081487911019577365e-33,real_positive
14,0,1.578184942136349675e-03,0.000000000000000000e+00,3.156369884272699267e+01,0.000000000000000000e+00,4.146980390229800398e-38,1.867633284099488932e-22,real_positive
14,1,-1.579590290117165391e-03,0.000000000000000000e+00,-3.159180580234330549e+01,0.000000000000000000e+00,4.173369084580108473e-38,1.879517687284359687e-22,real_negative
14,2,9.155653170108156219e-05,0.000000000000000000e+00,1.831130634021631121e+00,0.000000000000000000e+00,2.519497690556668779e-45,1.134680886035168741e-29,real_positive
14,3,-9.101320651372040815e-05,0.000000000000000000e+00,-1.820264130274408032e+00,0.000000000000000000e+00,1.417377816820731720e-45,6.383302207676970433e-30,real_negative
14,4,7.024957951395403569e-07,2.815529310014686914e-05,1.404991590279080702e-02,5.631058620029373296e-01,3.429641019726443566e-47,1.544573001845457479e-31,complex_unstable
14,5,7.024957951395403569e-07,-2.815529310014686914e-05,1.404991590279080702e-02,-5.631058620029373296e-01,3.429641019726443566e-47,1.544573001845457479e-31,complex_damped
14,6,-8.989776857368849075e-06,0.000000000000000000e+00,-1.797955371473769770e-01,0.000000000000000000e+00,5.131708243377015641e-49,2.311115933264683024e-33,real_negative
14,7,8.446808060544284076e-06,0.000000000000000000e+00,1.689361612108856714e-01,0.000000000000000000e+00,6.842277657836020854e-49,3.081487911019577365e-33,real_positive
15,0,1.656351982235197825e-03,0.000000000000000000e+00,3.312703964470395590e+01,0.000000000000000000e+00,6.268864387235451643e-38,2.823244085995210253e-22,real_positive
15,1,-1.657718915206345687e-03,0.000000000000000000e+00,-3.315437830412691511e+01,0.000000000000000000e+00,8.101570006157418244e-38,3.648620886736547162e-22,real_negative
15,2,9.154889607199119636e-05,0.000000000000000000e+00,1.830977921439823852e+00,0.000000000000000000e+00,1.937219861874823404e-45,8.724462648074050896e-30,real_positive
15,3,-9.102055779681964454e-05,0.000000000000000000e+00,-1.820411155936392911e+00,0.000000000000000000e+00,1.848099195381509233e-45,8.323098847663757951e-30,real_negative
15,4,6.833026412433881764e-07,2.816037586382979073e-05,1.366605282486776235e-02,5.632075172765957927e-01,6.436119714276678396e-47,2.898570634692834763e-31,complex_unstable
15,5,6.833026412433881764e-07,-2.816037586382979073e-05,1.366605282486776235e-02,-5.632075172765957927e-01,6.436119714276678396e-47,2.898570634692834763e-31,complex_damped
15,6,-8.982267886306548142e-06,0.000000000000000000e+00,-1.796453577261309664e-01,0.000000000000000000e+00,3.421138828918010427e-49,1.540743955509788682e-33,real_negative
15,7,8.454257299796493771e-06,0.000000000000000000e+00,1.690851459959298586e-01,0.000000000000000000e+00,6.842277657836020854e-49,3.081487911019577365e-33,real_positive
16,0,1.736024824785138265e-03,0.000000000000000000e+00,3.472049649570276131e+01,0.000000000000000000e+00,5.440193048736779653e-38,2.450043312130648335e-22,real_positive
16,1,-1.737352101660562080e-03,0.000000000000000000e+00,-3.474704203321123686e+01,0.000000000000000000e+00,7.899769928694881836e-38,3.557737424102273590e-22,real_negative
16,2,9.154103191556006215e-05,0.000000000000000000e+00,1.830820638311201121e+00,0.000000000000000000e+00,3.634960005725386079e-46,1.637040452729123850e-30,real_positive
16,3,-9.102813744997854657e-05,0.000000000000000000e+00,-1.820562748999570823e+00,0.000000000000000000e+00,1.592198010978442053e-45,7.170622368942443023e-30,real_negative
16,4,6.634885507626403565e-07,2.816485083541630225e-05,1.326977101525280735e-02,5.632970167083259927e-01,1.959946070742251417e-47,8.826812393861069086e-32,complex_unstable
16,5,6.634885507626403565e-07,-2.816485083541630225e-05,1.326977101525280735e-02,-5.632970167083259927e-01,1.959946070742251417e-47,8.826812393861069086e-32,complex_damped
16,6,-8.974529944415508197e-06,0.000000000000000000e+00,-1.794905988883101489e-01,0.000000000000000000e+00,5.131708243377015641e-49,2.311115933264683024e-33,real_negative
16,7,8.461935252732381754e-06,0.000000000000000000e+00,1.692387050546476368e-01,0.000000000000000000e+00,6.842277657836020854e-49,3.081487911019577365e-33,real_positive
17,0,1.817005134261898049e-03,0.000000000000000000e+00,3.634010268523795872e+01,0.000000000000000000e+00,7.373777354079005767e-38,3.320850529931895606e-22,real_positive
17,1,-1.818292447254749294e-03,0.000000000000000000e+00,-3.636584894509498156e+01,0.000000000000000000e+00,6.021753342933398470e-38,2.711953685764891677e-22,real_negative
17,2,9.153312161142759926e-05,0.000000000000000000e+00,1.830662432228551850e+00,0.000000000000000000e+00,1.425930663893026746e-45,6.421820806564685723e-30,real_positive
17,3,-9.103577008852286917e-05,0.000000000000000000e+00,-1.820715401770457209e+00,0.000000000000000000e+00,2.049262158521888246e-45,9.229056293503474460e-30,real_negative
17,4,6.435198308089101119e-07,2.816879752876778022e-05,1.287039661617820144e-02,5.633759505753556107e-01,5.715300466644782289e-47,2.573942505189185904e-31,complex_unstable
17,5,6.435198308089101119e-07,-2.816879752876778022e-05,1.287039661617820144e-02,-5.633759505753556107e-01,5.715300466644782289e-47,2.573942505189185904e-31,complex_damped
17,6,-8.966742337679531972e-06,0.000000000000000000e+00,-1.793348467535906265e-01,0.000000000000000000e+00,7.868619306511423982e-48,3.543711097672513970e-32,real_negative
17,7,8.469664146008418394e-06,0.000000000000000000e+00,1.693932829201683643e-01,0.000000000000000000e+00,6.842277657836020854e-49,3.081487911019577365e-33,real_positive
18,0,1.899125453371147904e-03,0.000000000000000000e+00,3.798250906742295285e+01,0.000000000000000000e+00,2.249840481024053221e-38,1.013236526627573614e-22,real_positive
18,1,-1.900373148092845835e-03,0.000000000000000000e+00,-3.800746296185691619e+01,0.000000000000000000e+00,1.047200418078271592e-37,4.716164171542799648e-22,real_negative
18,2,9.152529220590444037e-05,0.000000000000000000e+00,1.830505844118088810e+00,0.000000000000000000e+00,4.899070803010590932e-46,2.206345344289974654e-30,real_positive
18,3,-9.104333304772808380e-05,0.000000000000000000e+00,-1.820866660954561622e+00,0.000000000000000000e+00,4.815595015584991477e-45,2.168751191775537631e-29,real_negative
18,4,6.237229975732601942e-07,2.817228605526490146e-05,1.247445995146520374e-02,5.634457211052980030e-01,2.707364529206958225e-47,1.219288588489255321e-31,complex_unstable
18,5,6.237229975732601942e-07,-2.817228605526490146e-05,1.247445995146520374e-02,-5.634457211052980030e-01,2.707364529206958225e-47,1.219288588489255321e-31,complex_damped
18,6,-8.959030224080156057e-06,0.000000000000000000e+00,-1.791806044816031118e-01,0.000000000000000000e+00,3.079024946026209384e-48,1.386669559958809814e-32,real_negative
18,7,8.477319792454633007e-06,0.000000000000000000e+00,1.695463958490926459e-01,0.000000000000000000e+00,0.000000000000000000e+00,0.000000000000000000e+00,real_positive
19,0,1.982243935414247215e-03,0.000000000000000000e+00,3.964487870828494209e+01,0.000000000000000000e+00,9.363514322496503496e-39,4.216942884210000173e-23,real_positive
19,1,-1.983452804465521673e-03,0.000000000000000000e+00,-3.966905608931043048e+01,0.000000000000000000e+00,5.330647359983814532e-38,2.400704956695801704e-22,real_negative
19,2,9.151763006113577677e-05,0.000000000000000000e+00,1.830352601222715370e+00,0.000000000000000000e+00,4.752303947250008284e-45,2.140247428598602337e-29,real_positive
19,3,-9.105074249915920642e-05,0.000000000000000000e+00,-1.821014849983183970e+00,0.000000000000000000e+00,7.528215993034081945e-45,3.390407074099220491e-29,real_negative
19,4,6.043214696869656730e-07,2.817537745869752128e-05,1.208642939373931295e-02,5.635075491739504061e-01,4.549760939548772150e-47,2.049030167197668365e-31,complex_unstable
19,5,6.043214696869656730e-07,-2.817537745869752128e-05,1.208642939373931295e-02,-5.635075491739504061e-01,4.549760939548772150e-47,2.049030167197668365e-31,complex_damped
19,6,-8.951478908511698439e-06,0.000000000000000000e+00,-1.790295781702339606e-01,0.000000000000000000e+00,3.421138828918010427e-49,1.540743955509788682e-33,real_negative
19,7,8.484817458435432608e-06,0.000000000000000000e+00,1.696963491687086545e-01,0.000000000000000000e+00,1.710569414459005214e-48,7.703719777548943412e-33,real_positive
20,0,2.066239991844974738e-03,0.000000000000000000e+00,4.132479983689949421e+01,0.000000000000000000e+00,4.644365311910468948e-37,2.091629914864396893e-21,real_positive
20,1,-2.067411123924783531e-03,0.000000000000000000e+00,-4.134822247849567134e+01,0.000000000000000000e+00,3.421756668225839786e-37,1.541017564881073207e-21,real_negative
20,2,9.151019189374397385e-05,0.000000000000000000e+00,1.830203837874879280e+00,0.000000000000000000e+00,5.882306102441627128e-45,2.649155157103470125e-29,real_positive
20,3,-9.105794298347618158e-05,0.000000000000000000e+00,-1.821158859669523622e+00,0.000000000000000000e+00,1.917890427491436645e-45,8.637410614587683376e-30,real_negative
20,4,5.854632889044820755e-07,2.817812447088766139e-05,1.170926577808964128e-02,5.635624894177532207e-01,1.318914466726451432e-47,5.939862700882802021e-32,complex_unstable
20,5,5.854632889044820755e-07,-2.817812447088766139e-05,1.170926577808964128e-02,-5.635624894177532207e-01,1.318914466726451432e-47,5.939862700882802021e-32,complex_damped
20,6,-8.944144618412632432e-06,0.000000000000000000e+00,-1.788828923682526384e-01,0.000000000000000000e+00,2.736911063134408342e-48,1.232595164407830946e-32,real_negative
20,7,8.492101210145473167e-06,0.000000000000000000e+00,1.698420242029094474e-01,0.000000000000000000e+00,3.421138828918010427e-49,1.540743955509788682e-33,real_positive
21,0,2.151010712086848329e-03,0.000000000000000000e+00,4.302021424173696573e+01,0.000000000000000000e+00,1.436427417566198714e-37,6.469067220704263158e-22,real_positive
21,1,-2.152145382549950758e-03,0.000000000000000000e+00,-4.304290765099901250e+01,0.000000000000000000e+00,7.179123836742173264e-38,3.233176518878176204e-22,real_negative
21,2,9.150301299432235524e-05,0.000000000000000000e+00,1.830060259886447049e+00,0.000000000000000000e+00,7.868619306511423982e-47,3.543711097672426826e-31,real_positive
21,3,-9.106489960664507146e-05,0.000000000000000000e+00,-1.821297992132901333e+00,0.000000000000000000e+00,4.413269089304233451e-47,1.987559702607579231e-31,real_negative
21,4,5.672418176727087121e-07,2.818057243136184789e-05,1.134483635345417442e-02,5.636114486272368884e-01,7.481214006164288768e-47,3.369239261044041770e-31,complex_unstable
21,5,5.672418176727087121e-07,-2.818057243136184789e-05,1.134483635345417442e-02,-5.636114486272368884e-01,7.481214006164288768e-47,3.369239261044041770e-31,complex_damped
21,6,-8.937062533243549805e-06,0.000000000000000000e+00,-1.787412506648709820e-01,0.000000000000000000e+00,5.473822126268816683e-48,2.465190328815661892e-32,real_negative
21,7,8.499135973322990200e-06,0.000000000000000000e+00,1.699827194664597918e-01,0.000000000000000000e+00,1.026341648675403128e-48,4.622231866529366047e-33,real_positive
22,0,2.236467924332160087e-03,0.000000000000000000e+00,4.472935848664319991e+01,0.000000000000000000e+00,1.024805675702016892e-36,4.615288387833377589e-21,real_positive
22,1,-2.237567516443943801e-03,0.000000000000000000e+00,-4.475135032887887121e+01,0.000000000000000000e+00,6.103758276820355401e-37,2.748872768453689641e-21,real_negative
22,2,9.149611329811931928e-05,0.000000000000000000e+00,1.829922265962386385e+00,0.000000000000000000e+00,1.457405141119072442e-46,6.563569250471524625e-31,real_positive
22,3,-9.107159226590104569e-05,0.000000000000000000e+00,-1.821431845318020937e+00,0.000000000000000000e+00,4.717750445077936379e-45,2.124685914647942821e-29,real_negative
22,4,5.497110696048498464e-07,2.818276022831639043e-05,1.099422139209699570e-02,5.636552045663277832e-01,8.271169161806658728e-47,3.725003435503079722e-31,complex_unstable
22,5,5.497110696048498464e-07,-2.818276022831639043e-05,1.099422139209699570e-02,-5.636552045663277832e-01,8.271169161806658728e-47,3.725003435503079722e-31,complex_damped
22,6,-8.930252720675284613e-06,0.000000000000000000e+00,-1.786050544135056872e-01,0.000000000000000000e+00,2.394797180242607299e-48,1.078520768856852078e-32,real_negative
22,7,8.505901661030445060e-06,0.000000000000000000e+00,1.701180332206088941e-01,0.000000000000000000e+00,1.026341648675403128e-48,4.622231866529366047e-33,real_positive
23,0,2.322535783007477136e-03,0.000000000000000000e+00,4.645071566014954101e+01,0.000000000000000000e+00,7.164170329782774736e-37,3.226430832399928672e-21,real_positive
23,1,-2.323601731805268085e-03,0.000000000000000000e+00,-4.647203463610536289e+01,0.000000000000000000e+00,4.608337163709990278e-37,2.075394646047623530e-21,real_negative
23,2,9.148950184288166744e-05,0.000000000000000000e+00,1.829790036857633195e+00,0.000000000000000000e+00,1.136365473413406343e-44,5.117735122621166110e-29,real_positive
23,3,-9.107801140028244917e-05,0.000000000000000000e+00,-1.821560228005648874e+00,0.000000000000000000e+00,5.364003569860548549e-45,2.415732447843729572e-29,real_negative
23,4,5.328970007387906439e-07,2.818472118694376844e-05,1.065794001477581195e-02,5.636944237388753498e-01,5.294813351855337317e-47,2.384571943841201969e-31,complex_unstable
23,5,5.328970007387906439e-07,-2.818472118694376844e-05,1.065794001477581195e-02,-5.636944237388753498e-01,5.294813351855337317e-47,2.384571943841201969e-31,complex_damped
23,6,-8.923724500841568886e-06,0.000000000000000000e+00,-1.784744900168313830e-01,0.000000000000000000e+00,1.026341648675403128e-47,4.622231866529366047e-32,real_negative
23,7,8.512388854556267320e-06,0.000000000000000000e+00,1.702477770911253463e-01,0.000000000000000000e+00,1.026341648675403128e-48,4.622231866529366047e-33,real_positive
24,0,2.409148786428854175e-03,0.000000000000000000e+00,4.818297572857708388e+01,0.000000000000000000e+00,5.770110964405750743e-37,2.598600352040299404e-21,real_positive
24,1,-2.410182539161094973e-03,0.000000000000000000e+00,-4.820365078322189589e+01,0.000000000000000000e+00,1.241151189894493050e-36,5.589590632861190671e-21,real_negative
24,2,9.148318002810660351e-05,0.000000000000000000e+00,1.829663600562132064e+00,0.000000000000000000e+00,6.754696503815719787e-45,3.042044865758432607e-29,real_positive
24,3,-9.108415487567714036e-05,0.000000000000000000e+00,-1.821683097513542737e+00,0.000000000000000000e+00,6.698589827021464416e-45,3.016776664888074876e-29,real_negative
24,4,5.168057907988358278e-07,2.818648387148636026e-05,1.033611581597671664e-02,5.637296774297271273e-01,2.326625944390901610e-48,1.047819173618939010e-32,complex_unstable
24,5,5.168057907988358278e-07,-2.818648387148636026e-05,1.033611581597671664e-02,-5.637296774297271273e-01,2.326625944390901610e-48,1.047819173618939010e-32,complex_damped
24,6,-8.917479641482016709e-06,0.000000000000000000e+00,-1.783495928296403299e-01,0.000000000000000000e+00,4.789594360485214598e-48,2.157041537713704155e-32,real_negative
24,7,8.518595639695117604e-06,0.000000000000000000e+00,1.703719127939023470e-01,0.000000000000000000e+00,4.789594360485214598e-48,2.157041537713704155e-32,real_positive
25,0,2.496250144773264328e-03,0.000000000000000000e+00,4.992500289546528336e+01,0.000000000000000000e+00,1.569049056610668092e-36,7.066272631983426176e-21,real_positive
25,1,-2.497253133452923251e-03,0.000000000000000000e+00,-4.994506266905846559e+01,0.000000000000000000e+00,2.121470979477937500e-36,9.554125592646758219e-21,real_negative
25,2,9.147714398919854005e-05,0.000000000000000000e+00,1.829542879783970788e+00,0.000000000000000000e+00,3.591511542598127346e-45,1.617473004494122629e-29,real_positive
25,3,-9.109002570911704246e-05,0.000000000000000000e+00,-1.821800514182340791e+00,0.000000000000000000e+00,7.822776046203922643e-45,3.523065128668568455e-29,real_negative
25,4,5.014298955814784837e-07,2.818807279013145795e-05,1.002859791162956891e-02,5.637614558026291522e-01,6.919163417862192225e-47,3.116114179039972765e-31,complex_unstable
25,5,5.014298955814784837e-07,-2.818807279013145795e-05,1.002859791162956891e-02,-5.637614558026291522e-01,6.919163417862192225e-47,3.116114179039972765e-31,complex_damped
25,6,-8.911514688915744321e-06,0.000000000000000000e+00,-1.782302937783148689e-01,0.000000000000000000e+00,1.368455531567204171e-48,6.162975822039154730e-33,real_negative
25,7,8.524525297329721174e-06,0.000000000000000000e+00,1.704905059465944284e-01,0.000000000000000000e+00,6.842277657836020854e-49,3.081487911019577365e-33,real_positive
26,0,2.583790433020432750e-03,0.000000000000000000e+00,5.167580866040865573e+01,0.000000000000000000e+00,3.222429653292060339e-36,1.451227294460467530e-20,real_positive
26,1,-2.584764055800987774e-03,0.000000000000000000e+00,-5.169528111601974985e+01,0.000000000000000000e+00,3.319566118914683011e-36,1.494972814922727615e-20,real_negative
26,2,9.147138632066854880e-05,0.000000000000000000e+00,1.829427726413370925e+00,0.000000000000000000e+00,7.485451757672606814e-46,3.371147774655297826e-30,real_positive
26,3,-9.109563041161159271e-05,0.000000000000000000e+00,-1.821912608232231667e+00,0.000000000000000000e+00,6.651378111182395872e-45,2.995514398302026900e-29,real_negative
26,4,4.867524554633165925e-07,2.818950900405930681e-05,9.735049109266331185e-03,5.637901800811860875e-01,4.945409717800138379e-47,2.227214536227912860e-31,complex_unstable
26,5,4.867524554633165925e-07,-2.818950900405930681e-05,9.735049109266331185e-03,-5.637901800811860875e-01,4.945409717800138379e-47,2.227214536227912860e-31,complex_damped
26,6,-8.905822662723635253e-06,0.000000000000000000e+00,-1.781164532544727008e-01,0.000000000000000000e+00,2.736911063134408342e-48,1.232595164407830946e-32,real_negative
26,7,8.530184623294830037e-06,0.000000000000000000e+00,1.706036924658966003e-01,0.000000000000000000e+00,2.736911063134408342e-48,1.232595164407830946e-32,real_positive
27,0,2.671726475788008953e-03,0.000000000000000000e+00,5.343452951576017540e+01,0.000000000000000000e+00,1.077942018739118142e-36,4.854505593046525103e-21,real_positive
27,1,-2.672672084740589614e-03,0.000000000000000000e+00,-5.345344169481178653e+01,0.000000000000000000e+00,2.199979604401237033e-36,9.907594739284325430e-21,real_negative
27,2,9.146589732178265282e-05,0.000000000000000000e+00,1.829317946435653042e+00,0.000000000000000000e+00,4.120419605548851758e-45,1.855672020015919144e-29,real_positive
27,3,-9.110097778582105198e-05,0.000000000000000000e+00,-1.822019555716420935e+00,0.000000000000000000e+00,7.793354252275227753e-46,3.509814730651167597e-30,real_negative
27,4,4.727504944947597134e-07,2.819081064796310327e-05,9.455009889895194322e-03,5.638162129592619864e-01,4.387902302176272896e-47,1.976135517301919540e-31,complex_unstable
27,5,4.727504944947597134e-07,-2.819081064796310327e-05,9.455009889895194322e-03,-5.638162129592619864e-01,4.387902302176272896e-47,1.976135517301919540e-31,complex_damped
27,6,-8.900394283056209171e-06,0.000000000000000000e+00,-1.780078856611241878e-01,0.000000000000000000e+00,1.300032754988843962e-47,5.854827030937196993e-32,real_negative
27,7,8.535582710685234647e-06,0.000000000000000000e+00,1.707116542137046833e-01,0.000000000000000000e+00,1.368455531567204171e-48,6.162975822039154730e-33,real_positive
28,0,2.760020421121820756e-03,0.000000000000000000e+00,5.520040842243641066e+01,0.000000000000000000e+00,1.429928328234799332e-36,6.439629104869726958e-21,real_positive
28,1,-2.760939314635070616e-03,0.000000000000000000e+00,-5.521878629270140948e+01,0.000000000000000000e+00,2.439055406335415174e-38,1.098419463441116391e-22,real_negative
28,2,9.146066589243835262e-05,0.000000000000000000e+00,1.829213317848767062e+00,0.000000000000000000e+00,1.202256607258367224e-44,5.414482408452280785e-29,real_positive
28,3,-9.110607805772931184e-05,0.000000000000000000e+00,-1.822121561154586233e+00,0.000000000000000000e+00,7.955516232765941447e-45,3.582845994142320230e-29,real_negative
28,4,4.593972310969052395e-07,2.819199337183365175e-05,9.187944621938105155e-03,5.638398674366730257e-01,9.987121841570071641e-47,4.497799820419869892e-31,complex_unstable
28,5,4.593972310969052395e-07,-2.819199337183365175e-05,9.187944621938105155e-03,-5.638398674366730257e-01,9.987121841570071641e-47,4.497799820419869892e-31,complex_damped
28,6,-8.895218855160169142e-06,0.000000000000000000e+00,-1.779043771032033650e-01,0.000000000000000000e+00,5.473822126268816683e-48,2.465190328815661892e-32,real_negative
28,7,8.540730071506805806e-06,0.000000000000000000e+00,1.708146014301361038e-01,0.000000000000000000e+00,2.052683297350806256e-48,9.244463733058732095e-33,real_positive
29,0,-2.849532387067312336e-03,0.000000000000000000e+00,-5.699064774134624400e+01,0.000000000000000000e+00,8.775479077527826515e-37,3.951969549003751890e-21,real_negative
29,1,2.848638968569477351e-03,0.000000000000000000e+00,5.697277937138954229e+01,0.000000000000000000e+00,1.909195538392162352e-36,8.597916093583558014e-21,real_positive
29,2,-9.111094225335535091e-05,0.000000000000000000e+00,-1.822218845067106852e+00,0.000000000000000000e+00,1.319806937419990063e-44,5.943882031565410545e-29,real_negative
29,3,9.145568017315327148e-05,0.000000000000000000e+00,1.829113603463065285e+00,0.000000000000000000e+00,1.296406347830190871e-44,5.838495145008542121e-29,real_positive
29,4,4.466637368584222090e-07,2.819307071433374768e-05,8.933274737168444071e-03,5.638614142866749113e-01,1.029501693665343374e-46,4.636463443968533192e-31,complex_unstable
29,5,4.466637368584222090e-07,-2.819307071433374768e-05,8.933274737168444071e-03,-5.638614142866749113e-01,1.029501693665343374e-46,4.636463443968533192e-31,complex_damped
29,6,-8.890284902767919969e-06,0.000000000000000000e+00,-1.778056980553583966e-01,0.000000000000000000e+00,5.473822126268816683e-48,2.465190328815661892e-32,real_negative
29,7,8.545638007088756651e-06,0.000000000000000000e+00,1.709127601417751163e-01,0.000000000000000000e+00,1.368455531567204171e-48,6.162975822039154730e-33,real_positive
30,0,2.937552723549457286e-03,0.000000000000000000e+00,5.875105447098914624e+01,0.000000000000000000e+00,1.110000427426615068e-36,4.998747564399423210e-21,real_positive
30,1,-2.938421847570255822e-03,0.000000000000000000e+00,-5.876843695140511414e+01,0.000000000000000000e+00,3.180018663698371584e-36,1.432081331689858241e-20,real_negative
30,2,9.145092799804651717e-05,0.000000000000000000e+00,1.829018559960930324e+00,0.000000000000000000e+00,1.040847277310015492e-44,4.687559410242766409e-29,real_positive
30,3,-9.111558175509140386e-05,0.000000000000000000e+00,-1.822311635101828031e+00,0.000000000000000000e+00,1.172355853893623813e-44,5.279821386740706197e-29,real_negative
30,4,4.345201174071847818e-07,2.819405441761473004e-05,8.690402348143696012e-03,5.638810883522945572e-01,1.643924178016466630e-46,7.403576315540304545e-31,complex_unstable
30,5,4.345201174071847818e-07,-2.819405441761473004e-05,8.690402348143696012e-03,-5.638810883522945572e-01,1.643924178016466630e-46,7.403576315540304545e-31,complex_damped
30,6,-8.885580617664289390e-06,0.000000000000000000e+00,-1.777116123532857805e-01,0.000000000000000000e+00,6.842277657836020854e-49,3.081487911019577365e-33,real_negative
30,7,8.550318160693104957e-06,0.000000000000000000e+00,1.710063632138620893e-01,0.000000000000000000e+00,4.789594360485214598e-48,2.157041537713704155e-32,real_positive
